{"cameraMode":{"drawMode":0,"name":"Shaded","section":"Shading Mode"},"sceneLighting":true,"audioPlay":false,"sceneViewState":{"m_AlwaysRefresh":false,"showFog":true,"showSkybox":true,"showFlares":true,"showImageEffects":true,"showParticleSystems":true,"showVisualEffectGraphs":true,"m_FxEnabled":true},"in2DMode":false,"pivot":{"x":16.11887550354004,"y":2.8603696823120119,"z":-13.984169006347657},"rotation":{"x":0.09280567616224289,"y":-0.08918662369251251,"z":0.008313117548823357,"w":0.9916674494743347},"size":54.0501708984375,"orthographic":false}