{"cameraMode":{"drawMode":0,"name":"Shaded","section":"Shading Mode"},"sceneLighting":true,"audioPlay":false,"sceneViewState":{"m_AlwaysRefresh":false,"showFog":true,"showSkybox":true,"showFlares":true,"showImageEffects":true,"showParticleSystems":true,"showVisualEffectGraphs":true,"m_FxEnabled":true},"in2DMode":false,"pivot":{"x":-7.115813255310059,"y":-0.16962909698486329,"z":-7.249204158782959},"rotation":{"x":0.08310993760824204,"y":-0.5229083895683289,"z":0.051279667764902118,"w":0.8468008041381836},"size":8.666028022766114,"orthographic":false}